﻿Table S2: Monte carlo simulation results shown in the top two panels of Figure 2d ,,,,
,,,,
Publication,Implied San Rafael River Incision Rate (m/yr),"Mean T (recurrence interval, years)",T 1-sigma (years),% error
,,,,
Blue Gate Valley,,,,
"Darling et al., 2012",0.00004,3040532.63,693842.65,22.82
"Pederson et al., 2013",0.00045,270269.57,61674.9,22.82
"Sheehan and Ward, 2018",0.003,40540.44,9251.24,22.82
,,,,
Tununk Valley,,,,
"Darling et al., 2012",0.00004,1222222.26,276047.94,22.59
"Pederson et al., 2013",0.00045,108641.98,24537.59,22.59
"Sheehan and Ward, 2018",0.003,16296.3,3680.64,22.59